N,delta,H0,H1,pct_neg_cor,min_cor,avg_cor,max_cor,mu,eps,ghc,hc,bj,gbj,gnull,ggnull,cpma,score,alr,fdr_ratio,minP
400,,1000,500,,0.0,0.0,0.0,1.548,10,3.2613063729381038,3.261306372938104,4.849382090189082,4.241960665249327,-0.002572842450666065,-0.0025728424503929266,3.8012726152937337,447.35594268613403,0.6025169904445202,18.33792533249768,8.86596776192981
400,,1000,500,,0.01,0.06,0.59,1.548,10,2.9776083082024773,4.306053063717033,8.423650193881747,3.8857381581966512,-5.244839723854344e-05,-0.004469555465489928,12.062172223022252,495.8448513658496,0.6049948264697127,16.45904782701055,8.712947845092154
400,,1000,500,,0.0,0.02,0.45,1.548,10,3.1306302864205664,3.3156366619035373,5.1865414019946625,4.010120989620623,-0.0019998548091004877,-0.0034308890244158646,4.91395562191733,456.1468780941999,0.6026959869218254,17.917067120721214,8.861221367747493
400,,1000,500,,0.0,0.0,0.24,1.548,10,3.119143939126691,3.1308518176614366,4.684676126820915,4.104617747659856,-0.002876122209670127,-0.0030015126982646115,4.05200813438546,449.28688653543594,0.6024929327529637,16.436872128237443,8.771102700253468
