H0,H1,N,alr,bj,cpma,eps,fdr_ratio,gbj,ggnull,ghc,gnull,hc,minP,mu,r,score,sig,theta
1000,400,400,0.7232029883697443,184.4912054581999,403.59166505170657,10,7.937644953834503,2.749269070224443,-0.021949352245596427,2.4233091897637578,-4.320336530744811e-82,24.62596526030038,7.466432936865547,1.548,0.2,1170.4391964308154,norm_sig_0,0.6
