N,H0,H1,min_cor,avg_cor,max_cor,ghc,hc,bj,gbj,gnull,ggnull,cpma,score,fdr_ratio,minP,asymp,name,ghc-AvgFailPct,ghc-PctAllFail,gbj-AvgFailPct,gbj-PctAllFail,ggnull-AvgFailPct,ggnull-PctAllFail
400,5000,1000,0.0,0.0,0.0,3.073634860392867,3.073634860392868,4.472441493397518,4.109857187061342,-0.0032063371135435323,-0.0032063371134183013,3.892371690681693,446.30003587541427,19.81329338527153,8.965390732152454,detectable,I,0.0,0.0,0.4772576121794873,0.025440705128205128,0.0,0.0
400,5000,1000,0.01,0.06,0.61,2.9809031102344288,4.203378881779502,7.8220530410769396,3.746036956480232,-8.480025121208011e-05,-0.005654189586953482,11.719312734331375,498.2400785128607,20.457705170629524,8.987463623197215,detectable,norm_sig,0.0,0.0,0.5473116987179487,0.06149839743589744,0.0,0.0
400,5000,1000,0.0,0.02,0.47,3.0608750361112325,3.2281032927872824,4.894315222975855,4.055367849357475,-0.0020261853529911136,-0.00333857664429566,4.9343581432870405,453.32704634024674,20.903154616851975,9.007606175793708,detectable,norm_sig,0.0,0.0,0.4848357371794872,0.028245192307692308,0.0,0.0
400,5000,1000,0.0,0.0,0.24,3.0654438263013764,3.0800445098951164,4.526682346271054,4.0672220886415245,-0.003042392123740034,-0.00323359328501468,4.018376011156897,446.1189901337395,20.26836549733273,8.985712902736909,detectable,norm_sig,0.0,0.0,0.4768579727564102,0.02423878205128205,0.0,0.0
200,5000,1000,-0.69,0.0,0.77,2.8836001663390096,4.796544794409107,9.737805153488871,3.4064048950464687,-2.4469157728367157e-05,-0.008950753976137836,17.55314711891826,281.0228706287557,19.222469689875027,8.178464683047636,detectable,rat,0.0,0.0,0.5085496794871794,0.14963942307692307,0.0,0.0
