N,H0,H1,min_cor,avg_cor,max_cor,ghc,hc,bj,gbj,gnull,ggnull,cpma,score,fdr_ratio,minP,asymp,eps,gbj-0,gbj-mean,ggnull-0,ggnull-mean,ghc-0,ghc-mean,mu,name
40,100,100,0.0,0.0,0.0,2.736529306690412,2.736529306690412,3.7676513929929913,3.4131004819599933,-0.008004669273803127,-0.008004669273805878,4.306259350831271,56.25799491853588,15.754333589153138,6.443741536646932,identifiable,,0.05,0.5660000000000001,0.0,1.0,0.0,0.9555,,I
40,100,100,0.04,0.15,0.63,2.597605771494912,3.3453477336326203,4.760203652496242,2.858969991819236,-0.002181537837584996,-0.012689790611508241,5.087060145591368,60.043034321343754,17.688750351412853,6.561700292424916,identifiable,,0.1,0.5710000000000001,0.0,1.0,0.0,0.9505,,norm_sig
40,100,100,0.02,0.08,0.57,2.342712934316836,2.5843203323659245,4.049904119181178,3.0740323992568594,-0.006521080900235148,-0.01134460588396548,4.167220456259684,56.423551157232744,17.85893840229461,6.567221413642219,identifiable,,0.08,0.5625,0.0,1.0,0.0,0.9520000000000001,,norm_sig
40,100,100,0.01,0.04,0.48,2.518790861673685,2.599070522408192,3.7260960860747625,3.266717781720025,-0.008660234210654792,-0.009483113570043895,4.391238077983938,56.177169585019634,24.06011434524312,6.8619595111003635,identifiable,,0.07,0.5575000000000001,0.0,1.0,0.0,0.9525,,norm_sig
40,100,100,-0.53,-0.0,0.52,2.530184603854317,3.012440630386539,4.003991633630132,2.7849258248837954,-0.003777255271482389,-0.01447751532462702,4.846986452338358,57.00789671846366,12.98116197399514,6.252324217741284,identifiable,,0.15625,0.44296875,1.0,0.0,1.0,0.0,,rat
