H0,H1,N,alr,bj,cpma,eps,fdr_bh,fdr_ratio,gbj,ggnull,ghc,gnull,hc,hcs,minP,mu,r,rho1,rho2,rho3,score,theta
5000,200,1000,0.5853221925425482,4.738554169981564,3.882138877950274,22,0.0,21.892767722541336,4.328988090426867,-0.002418147876984932,3.132658609135549,-0.002418147880372455,3.1326586091355497,2.5129752281860105,9.984265641103438,1.175,0.1,0,0,0,1074.0287017654625,0.55
