H0,H1,N,alr,bj,cpma,eps,fdr_bh,fdr_ratio,gbj,ggnull,ghc,gnull,hc,minP,mu,r,score,sig,theta
200,200,100,0.654963563688161,7.835724243891244,9.205772427564067,3,,374.8206498669645,5.629027229333143,-0.0007957644330803329,3.5066764535676254,-0.00028689089446766155,4.013511151826893,10.513919970188748,2.146,0.5,139.14476791112918,norm_sig_1,0.75
200,200,100,0.6544780913839028,6.305124303789116,6.7913497308710475,3,,144.32972023232122,5.122208209127185,-0.001681849288389449,3.229624653310015,-0.0006910404280337909,3.8129292600054843,9.571331861085513,2.146,0.5,134.9057143200467,norm_sig_2,0.75
