H0,H1,N,alr,bj,cpma,eps,fdr_bh,fdr_ratio,gbj,ggnull,ghc,gnull,hc,minP,mu,r,score,sig,theta
500,200,300,0.609733791,4.534213262,4.255487966,13,0,18.26341898,4.006649473,-0.002915153,3.028186101,-0.002915153,3.028186101,8.608228508,1.068,0.1,339.4057799,I,0.55
,,,,,,,,,,,,,,,,,,,
