H0,H1,N,alr,bj,cpma,eps,fdr_bh,fdr_ratio,gbj,ggnull,ghc,gnull,hc,minP,mu,r,score,sig,theta
500.0,200.0,300.0,0.609733791,4.534213262,4.2554879660000005,13.0,0.0,18.26341898,4.006649473,-0.002915153,3.028186101,-0.002915153,3.028186101,8.608228508,1.068,0.1,339.4057799,I,0.55
,,,,,,,,,,,,,,,,,,,
500.0,200.0,300.0,0.6113502610040406,10.16867694280486,7.905324412673187,13.0,0.0,267.6105502748585,7.57558045188126,-9.297625185827332e-05,4.798145028330072,-1.8452384450868312e-05,5.201824949202561,11.279559655623958,1.068,0.1,360.04121337402734,norm_sig,0.55
500.0,500.0,100.0,0.6495358136493642,4.121783397620781,3.693800451047936,5.0,,27.0451685915234,3.857447568874683,-0.005159400867248632,2.843559626641288,-0.005159400867242738,2.843559626641288,7.902678452919376,1.517,0.25,124.06547814864626,I,0.625
500.0,500.0,100.0,0.6544789818850574,6.422491777028877,6.441118563640805,5.0,,156.01859757204167,5.070879926347926,-0.0019485177100148359,3.1468932644964145,-0.000738797938354636,3.61697283728446,9.618891825189527,1.517,0.25,133.06212683265846,norm_sig_1,0.625
500.0,500.0,100.0,0.6544789818850574,6.422491777028876,6.441118563640804,5.0,,156.01859757204167,5.070879926347926,-0.0019485177100148359,3.1468932644964145,-0.000738797938354636,3.6169728372844596,9.618891825189527,1.517,0.25,133.06212683265846,norm_sig_2,0.625
