alpha	500 - 1
0.01(0.001950175376728975)	0.0116
0.001(0.0006194964406677411)	0.0008
cross	1.0
