alpha	0
0.1(0.00588)	0.0655
0.05(0.00427172096466986)	0.0267
0.01(0.001950175376728975)	0.0032
0.001(0.0006194964406677411)	0.0006
cross	1.0
