alpha	0
0.01(0.009750876883644875)	0.015
0.05(0.021358604823349298)	0.0275
cross	1.0
