alpha	0
0.01(0.001950175376728975)	0.0028
0.05(0.00427172096466986)	0.0228
cross	1.0
