alpha	0
0.01(0.001950175376728975)	0.004
0.05(0.00427172096466986)	0.0303
cross	1.0
