alpha	0
0.01(0.001950175376728975)	0.0023
0.001(0.0006194964406677411)	0.0002
cross	1.0
