alpha	0
0.1(0.00588)	0.0564
0.05(0.00427172096466986)	0.0182
0.01(0.001950175376728975)	0.0019
0.001(0.0006194964406677411)	0.0
cross	1.0
