alpha	0
0.1(0.00588)	0.0994
0.05(0.00427172096466986)	0.0473
0.01(0.001950175376728975)	0.0093
0.001(0.0006194964406677411)	0.0011
cross	1.0
