alpha	0
0.01(0.001950175376728975)	0.0022
0.001(0.0006194964406677411)	0.0001
cross	1.0
