alpha	0
0.01(0.006166996027240491)	0.0
0.05(0.013508367777048417)	0.005
cross	1.0
