alpha	0
0.01(0.009750876883644875)	0.01
0.05(0.021358604823349298)	0.02
cross	1.0
