alpha	0
0.1(0.00588)	0.0534
0.05(0.00427172096466986)	0.029
0.01(0.001950175376728975)	0.0095
0.001(0.0006194964406677411)	0.003
cross	1.0
