alpha	0
0.01(0.001950175376728975)	0.0032
0.001(0.0006194964406677411)	0.0004
cross	1.0
