alpha	0
0.01(0.001950175376728975)	0.0015
0.05(0.00427172096466986)	0.021
cross	1.0
