alpha	0
0.1(0.001859419264179007)	0.04791
0.05(0.0013508367777048417)	0.01975
0.01(0.0006166996027240492)	0.00331
0.001(0.00019590197548774235)	0.00021
cross	1.0
