alpha	0
0.1(0.00588)	0.2972
0.05(0.00427172096466986)	0.2697
0.01(0.001950175376728975)	0.2186
0.001(0.0006194964406677411)	0.1741
cross	1.0
