alpha	0
0.01(0.001950175376728975)	0.013
0.05(0.00427172096466986)	0.0592
cross	1.0
