alpha	0
0.1(0.00588)	0.1108
0.05(0.00427172096466986)	0.0563
0.01(0.001950175376728975)	0.0132
0.001(0.0006194964406677411)	0.0018
cross	1.0
