alpha	0
0.1(0.001859419264179007)	0.30796
0.05(0.0013508367777048417)	0.27772
0.01(0.0006166996027240492)	0.22724
0.001(0.00019590197548774235)	0.17937
cross	1.0
