alpha	0
0.01(0.006166996027240491)	0.008
0.05(0.013508367777048417)	0.065
cross	1.0
