alpha	0
0.01(0.01950175376728975)	0.01
0.05(0.042717209646698596)	0.04
cross	0.0
