alpha	0
0.1(0.00588)	0.3011
0.05(0.00427172096466986)	0.2729
0.01(0.001950175376728975)	0.225
0.001(0.0006194964406677411)	0.1808
cross	1.0
