alpha	0
0.01(0.009750876883644875)	0.0175
0.05(0.021358604823349298)	0.0525
cross	0.0
