alpha	0
0.1(0.018594192641790068)	0.314
0.05(0.013508367777048417)	0.278
0.01(0.006166996027240491)	0.231
0.001(0.0019590197548774234)	0.182
cross	1.0
