q	0.025	0.975	ELL	cpma	score	storey	minP	markov
0.01	0.005	0.015833333333333335	0.7992	0.0133	0.015	0.0083	0.0083	1.0
0.001	0.0	0.0033333333333333335	0.0	0.0	0.0	0.0	0.0	0.0517
