q	0.025	0.975	ELL	cpma	score	storey	minP	markov
0.01	0.0	0.023333333333333334	0.7867	0.04	0.0367	0.01	0.01	1.0
0.001	0.0	0.006666666666666667	0.02	0.0033	0.0033	0.0	0.0	0.4333
