q	0.025	0.975	ELL	CPMA	sumZ^2	FDR	minP
0.01	0.0	0.023333333333333334	0.9933	0.07	0.06	0.01	0.01
0.001	0.0	0.006666666666666667	0.04	0.0	0.0	0.0	0.0
