q	0.025	0.975	ELL	cpma	score	storey	minP
0.01	0.0	0.023333333333333334	1.0	0.8567	0.7533	0.02	0.02
0.001	0.0	0.006666666666666667	0.0	0.04	0.0267	0.0	0.0
