q	0.025	0.975	ELL	cpma	score	storey	minP
0.01	0.0	0.023333333333333334	0.7133	0.5867	0.4233	0.0167	0.0167
0.001	0.0	0.006666666666666667	0.0033	0.0267	0.0133	0.0033	0.0033
