ghc,hc,bj,gbj,gnull,ggnull,cpma,score,alr,fdr_bh,fdr_ratio,minP,H0,H1,N,mu,eps,r,theta,sig
0.08854166666666667,0.09895833333333333,0.052083333333333336,0.0625,0.078125,0.0625,0.046875,0.14583333333333334,0.046875,0.359375,0.07291666666666667,0.07291666666666667,500,200,300,1.068,13,0.1,0.55,norm_sig
0.0625,0.06770833333333333,0.036458333333333336,0.0625,0.057291666666666664,0.0625,0.046875,0.19270833333333334,0.052083333333333336,0.4114583333333333,0.057291666666666664,0.057291666666666664,500,200,300,1.284,13,0.144,0.55,norm_sig
0.09375,0.09895833333333333,0.0625,0.07291666666666667,0.08333333333333333,0.06770833333333333,0.07291666666666667,0.14583333333333334,0.0625,0.4635416666666667,0.052083333333333336,0.052083333333333336,500,200,300,1.284,10,0.144,0.594,norm_sig
0.11979166666666667,0.13541666666666666,0.052083333333333336,0.08854166666666667,0.08854166666666667,0.078125,0.09375,0.171875,0.08333333333333333,0.4114583333333333,0.052083333333333336,0.052083333333333336,500,200,300,1.468,10,0.189,0.594,norm_sig
