mc-0.1,mc-0.5,markov-0.1,markov-0.5
0.031324911977588535,0.05127949166248702,0.03126897654040063,0.05119599949907638
0.006898468144102274,0.003790469511667368,0.006869668887999491,0.0037541187001722794
