mc-0.1,mc-0.5,markov-0.1,markov-0.5
0.02775248143604277,0.02919841542009467,0.010860344735163518,0.0023208262529187352
0.00759375420950942,0.007433503019518459,0.0024451048708611415,0.00025081640448576997
