mc-0.1,mc-0.5,markov-0.1,markov-0.5
0.020713840271956097,0.01518271482770266,0.019917807612857198,0.014733607675157197
0.004834544057961928,0.003272435160615761,0.004635166855602138,0.003213252122239194
