mc-0.1,mc-0.5,markov-0.1,markov-0.5
0.01736297417912539,0.018777692004363283,0.02275301305253018,0.024338860642898332
0.0020889868840736877,0.004320066710852296,0.0034526766212510888,0.005965497432927903
