mc-0.1,mc-0.5,markov-0.1,markov-0.5
0.0286373299510659,0.031106688960914588,0.02889004316412264,0.03158852725173305
0.005928923114232395,0.005958236241473238,0.005937515494887,0.00580880800465753
