mc-0.1,mc-0.5,markov-0.1,markov-0.5
0.020729946027110695,0.015093316700097443,0.020593387547771173,0.015045087836458703
0.004937449891411937,0.003271463768931667,0.004867858494697373,0.0032599440083885644
