mc-0.1,mc-0.5,markov-0.1,markov-0.5
0.02283690441742246,0.024350244609888445,0.02275301305253018,0.024338860642898332
0.0034791793948116163,0.005930574290048187,0.0034526766212510888,0.005965497432927903
