mc-0.1,mc-0.5,markov-0.1,markov-0.5
0.02794423212289255,0.029205731393093088,0.010860344735163518,0.0023208262529187352
0.007590995903744189,0.007382063534706295,0.0024451048708611415,0.00025081640448576997
