mc-0.1,mc-0.5,markov-0.1,markov-0.5
0.034071383934636386,0.030906360554586815,0.033879977457848584,0.03042422093201975
0.0057091125303485165,0.004024876701481653,0.0057550199665665535,0.003906886472818015
