mc-0.1,mc-0.5,markov-0.1,markov-0.5
0.02084797113575562,0.015332462223455063,0.020523115826704776,0.014964109205843797
0.004914650113651472,0.00327682835049415,0.004866846653734716,0.003205697564184029
