mc-0.1,mc-0.5,markov-0.1,markov-0.5
0.013814277402104398,0.006059040720199966,0.013252253950363854,0.005823374225244815
0.006473331805713438,0.001138817102980751,0.006255973723736868,0.0011135171525326253
