mc-0.1,mc-0.5,markov-0.1,markov-0.5
0.02153505143517669,0.01671883322545657,0.020660861147614715,0.015342259958502464
0.005199205852801149,0.0041919846536252045,0.005023908566468158,0.003864895937909652
