mc-0.1,mc-0.5,markov-0.1,markov-0.5
0.022682014004327684,0.03111791886142022,0.02244720793555544,0.031073505263633176
0.004259425222885626,0.0062662187402564625,0.004260359001890152,0.006222844130261795
