mc-0.1,mc-0.5,markov-0.1,markov-0.5
0.01381867196656283,0.006094360102379873,0.013252253950363854,0.005823374225244815
0.006429972656123098,0.001190510646620798,0.006255973723736868,0.0011135171525326253
